,amihud_000001.SZ,amihud_600015.SH,amihud_601398.SH,amihud_601939.SH,amihud_601988.SH,amihud_601998.SH,in
amihud_000001.SZ,0.0,11.858137770579209,12.315262989040068,7.565740303493608,5.547221546777954,5.813462054371291,43.09982466426213
amihud_600015.SH,12.521743088668163,0.0,9.462021597847748,7.9276844293762,10.019023857518498,15.526413665791006,55.45688663920161
amihud_601398.SH,11.41760172883504,8.98217453738693,0.0,16.142498707983094,10.933786602143837,10.662347476478923,58.13840905282782
amihud_601939.SH,10.881928531649692,9.479819764367202,17.00823547880553,0.0,8.490573046038055,11.580816620640377,57.44137344150086
amihud_601988.SH,8.284737779037908,12.592636722800643,12.949152514570617,8.87391654419425,0.0,14.109950779704272,56.810394340307695
amihud_601998.SH,10.306204159502068,13.62869450208472,9.534489327024827,8.580595268416435,10.275398045825442,0.0,52.325381302853486
out,53.41221528769287,56.5414632972187,61.26916190728879,49.09043525346358,45.266003098303784,57.692990596985865,323.27226944095355
